Week,GameStop,AMC,Reddit,r/WallStreetBets,Robinhood
2020-11-15,22,4,64,<1,3
2020-11-22,40,5,65,<1,3
2020-11-29,21,4,65,<1,3
2020-12-06,20,4,63,<1,4
2020-12-13,23,4,63,<1,3
2020-12-20,26,6,67,<1,3
2020-12-27,18,5,68,<1,3
2021-01-03,14,4,64,<1,6
2021-01-10,12,4,64,1,6
2021-01-17,15,5,65,1,5
2021-01-24,100,62,88,20,42
2021-01-31,41,43,73,10,18
2021-02-07,16,14,70,3,13
2021-02-14,13,9,65,2,9
2021-02-21,19,17,67,2,7
2021-02-28,13,13,64,2,5
2021-03-07,16,14,66,2,4
2021-03-14,15,16,66,1,4
2021-03-21,15,12,66,1,3
2021-03-28,12,12,69,1,3
2021-04-04,11,10,69,1,3
2021-04-11,11,9,70,1,10
2021-04-18,10,11,69,1,9
2021-04-25,10,10,68,1,6
2021-05-02,9,9,71,1,12
2021-05-09,9,13,71,1,9
2021-05-16,9,14,70,<1,5
2021-05-23,9,29,69,1,4
2021-05-30,10,56,72,1,5
2021-06-06,10,36,74,2,4
2021-06-13,10,28,69,1,3
2021-06-20,10,24,73,1,3
2021-06-27,9,22,71,1,4
2021-07-04,9,22,69,<1,2
2021-07-11,9,23,71,<1,2
2021-07-18,8,19,70,<1,3
2021-07-25,8,17,67,<1,5
2021-08-01,8,15,70,<1,5
2021-08-08,7,16,74,<1,3
2021-08-15,8,15,69,<1,2
2021-08-22,8,17,70,<1,2
2021-08-29,7,16,69,<1,3
2021-09-05,8,16,68,<1,2
2021-09-12,8,13,68,<1,2
2021-09-19,7,11,68,<1,2
2021-09-26,8,14,66,<1,2
2021-10-03,9,15,70,<1,3
2021-10-10,8,16,67,<1,2
2021-10-17,9,14,69,<1,3
2021-10-24,9,13,68,<1,7
2021-10-31,9,14,70,<1,5
2021-11-07,10,15,73,<1,5
