"date_utc","post_cnt","distinct_user_cnt"
2021-01-01,588,493
2021-01-02,620,523
2021-01-03,540,422
2021-01-04,974,788
2021-01-05,948,750
2021-01-06,1185,940
2021-01-07,1396,1046
2021-01-08,1466,1132
2021-01-09,895,725
2021-01-10,571,459
2021-01-11,1287,1010
2021-01-12,1235,949
2021-01-13,2374,1818
2021-01-14,3059,2270
2021-01-15,3490,2649
2021-01-16,1293,1015
2021-01-17,899,747
2021-01-18,1405,1151
2021-01-19,3056,2335
2021-01-20,3010,2316
2021-01-21,3101,2423
2021-01-22,6320,5096
2021-01-23,3566,3036
2021-01-24,2627,2258
2021-01-25,14247,11180
2021-01-26,8381,6592
2021-01-27,43778,31616
2021-01-28,166636,117426
2021-01-29,115146,90236
2021-01-30,56057,44985
2021-01-31,45789,33077
2021-02-01,76487,50224
2021-02-02,71873,48306
2021-02-03,36271,25468
2021-02-04,28182,20240
2021-02-07,93,83
2021-02-08,6871,5466
2021-02-09,8181,6527
2021-02-10,10969,8154
2021-02-11,13638,10568
2021-02-12,8556,6740
2021-02-13,3874,3076
2021-02-14,2878,2308
2021-02-15,3066,2469
2021-02-16,2163,1753
2021-02-17,2051,1771
2021-02-18,6468,5378
2021-02-19,4952,4140
2021-02-20,2816,2327
2021-02-21,2275,1860
2021-02-22,3922,3170
2021-02-23,4131,3072
2021-02-24,7575,5369
2021-02-25,15382,10722
2021-02-26,8794,6358
2021-02-27,3653,2612
2021-02-28,770,566
2021-05-01,883,745
2021-05-02,806,661
2021-05-03,1498,1201
2021-05-04,1470,1214
2021-05-05,1968,1594
2021-05-06,2577,1904
2021-05-07,1582,1246
2021-05-08,1069,830
2021-05-09,946,768
2021-05-10,1485,1182
2021-05-11,1719,1326
2021-05-12,1555,1192
2021-05-13,1763,1355
2021-05-14,1493,1155
2021-05-15,643,503
2021-05-16,627,496
2021-05-17,1225,937
2021-05-18,1307,1027
2021-05-19,1271,1002
2021-05-20,1212,907
2021-05-21,1052,784
2021-05-22,670,497
2021-05-23,560,426
2021-05-24,905,674
2021-05-25,1003,787
2021-05-26,1945,1470
2021-05-27,3124,2293
2021-05-28,3444,2553
2021-05-29,1197,912
2021-05-30,875,690
2021-05-31,908,703
2021-06-01,1843,1421
2021-06-02,6039,4613
2021-06-03,7588,5567
2021-06-04,4397,3202
2021-06-05,1887,1423
2021-06-06,1483,1127
2021-06-07,3427,2504
2021-06-08,6702,4807
2021-06-09,8978,6027
2021-06-10,6251,4068
2021-06-11,4606,3001
2021-06-12,1913,1245
2021-06-13,1549,984
2021-06-14,3399,2190
2021-06-15,3676,2276
2021-06-16,3189,1965
2021-06-17,3086,1868
2021-06-18,2571,1645
2021-06-19,1162,744
2021-06-20,946,660
2021-06-21,2128,1480
2021-06-22,2222,1603
2021-06-23,2282,1583
2021-06-24,2168,1520
2021-06-25,2266,1600
2021-06-26,928,677
2021-06-27,907,664
2021-06-28,1873,1326
2021-06-29,2148,1489
2021-06-30,1783,1279
2021-07-01,1937,1402
2021-07-02,1752,1196
2021-07-03,666,475
2021-07-04,634,477
2021-07-05,704,515
2021-07-06,1175,859
2021-07-07,1487,1092
2021-07-08,1625,1158
2021-07-09,1438,1033
2021-07-10,666,482
2021-07-11,608,448
2021-07-12,1174,862
2021-07-13,1346,962
2021-07-14,1488,1061
2021-07-15,1413,1013
2021-07-16,1059,785
2021-07-17,561,422
2021-07-18,450,347
2021-07-19,996,714
2021-07-20,1042,726
2021-07-21,1015,711
2021-07-22,991,709
2021-07-23,1002,714
2021-07-24,525,394
2021-07-25,458,355
2021-07-26,818,589
2021-07-27,915,637
2021-07-28,951,691
2021-07-29,1255,921
2021-07-30,910,656
2021-07-31,421,316
2021-03-01,NA,NA
2021-03-02,NA,NA
2021-03-03,NA,NA
2021-03-04,NA,NA
2021-03-05,NA,NA
2021-03-06,NA,NA
2021-03-07,NA,NA
2021-03-08,NA,NA
2021-03-09,NA,NA
2021-03-10,NA,NA
2021-03-11,NA,NA
2021-03-12,NA,NA
2021-03-13,NA,NA
2021-03-14,NA,NA
2021-03-15,NA,NA
2021-03-16,NA,NA
2021-03-17,NA,NA
2021-03-18,NA,NA
2021-03-19,NA,NA
2021-03-20,NA,NA
2021-03-21,NA,NA
2021-03-22,NA,NA
2021-03-23,NA,NA
2021-03-24,NA,NA
2021-03-25,NA,NA
2021-03-26,NA,NA
2021-03-27,NA,NA
2021-03-28,NA,NA
2021-03-29,NA,NA
2021-03-30,NA,NA
2021-03-31,NA,NA
2021-04-01,NA,NA
2021-04-02,NA,NA
2021-04-03,NA,NA
2021-04-04,NA,NA
2021-04-05,NA,NA
2021-04-06,NA,NA
2021-04-07,NA,NA
2021-04-08,NA,NA
2021-04-09,NA,NA
2021-04-10,NA,NA
2021-04-11,NA,NA
2021-04-12,NA,NA
2021-04-13,NA,NA
2021-04-14,NA,NA
2021-04-15,NA,NA
2021-04-16,NA,NA
2021-04-17,NA,NA
2021-04-18,NA,NA
2021-04-19,NA,NA
2021-04-20,NA,NA
2021-04-21,NA,NA
2021-04-22,NA,NA
2021-04-23,NA,NA
2021-04-24,NA,NA
2021-04-25,NA,NA
2021-04-26,NA,NA
2021-04-27,NA,NA
2021-04-28,NA,NA
2021-04-29,NA,NA
2021-04-30,NA,NA
